Accuracy,AUROC,Sensitivity,Specificity,F1-Score,Model,Dataset,Best_Params
0.675392670157068,0.7410706943340369,0.6544502617801047,0.6963350785340314,0.6684491978609626,Logistic Regression,Train (Resampled),"{'C': 0.01, 'penalty': 'l2'}"
0.62,0.6892446633825944,0.5952380952380952,0.6379310344827587,0.5681818181818182,Logistic Regression,Test,"{'C': 0.01, 'penalty': 'l2'}"
0.9973821989528796,1.0,0.9947643979057592,1.0,0.9973753280839895,Random Forest,Train (Resampled),"{'max_depth': 10, 'min_samples_split': 5, 'n_estimators': 200}"
0.59,0.6592775041050902,0.40476190476190477,0.7241379310344828,0.4533333333333333,Random Forest,Test,"{'max_depth': 10, 'min_samples_split': 5, 'n_estimators': 200}"
1.0,1.0,1.0,1.0,1.0,XGBoost,Train (Resampled),"{'gamma': 0, 'learning_rate': 0.3, 'max_depth': 5, 'n_estimators': 200, 'reg_lambda': 1}"
0.59,0.5952380952380952,0.35714285714285715,0.7586206896551724,0.4225352112676056,XGBoost,Test,"{'gamma': 0, 'learning_rate': 0.3, 'max_depth': 5, 'n_estimators': 200, 'reg_lambda': 1}"
